,sampleName,fileName,condition
0,01-005-D0,/u/home/s/serghei/scratch/Kinisha.Gala//salmon.counts/01-005-D0/quant.gcounts,twbga_lt_150_M0
1,01-012-D0,/u/home/s/serghei/scratch/Kinisha.Gala//salmon.counts/01-012-D0/quant.gcounts,twbga_lt_150_M1
2,01-013-D0,/u/home/s/serghei/scratch/Kinisha.Gala//salmon.counts/01-013-D0/quant.gcounts,twbga_lt_150_M0
3,01-019-D0,/u/home/s/serghei/scratch/Kinisha.Gala//salmon.counts/01-019-D0/quant.gcounts,twbga_lt_150_M0
4,01-020-D0,/u/home/s/serghei/scratch/Kinisha.Gala//salmon.counts/01-020-D0/quant.gcounts,twbga_gt_150_M1
5,01-021-D0,/u/home/s/serghei/scratch/Kinisha.Gala//salmon.counts/01-021-D0/quant.gcounts,twbga_gt_150_M1
6,02-003-D0,/u/home/s/serghei/scratch/Kinisha.Gala//salmon.counts/02-003-D0/quant.gcounts,twbga_lt_150_M0
7,02-005-D0,/u/home/s/serghei/scratch/Kinisha.Gala//salmon.counts/02-005-D0/quant.gcounts,twbga_lt_150_M0
8,02-015-D0,/u/home/s/serghei/scratch/Kinisha.Gala//salmon.counts/02-015-D0/quant.gcounts,twbga_gt_150_M0
9,02-019-D0,/u/home/s/serghei/scratch/Kinisha.Gala//salmon.counts/02-019-D0/quant.gcounts,twbga_gt_150_M0
10,02-020-D0,/u/home/s/serghei/scratch/Kinisha.Gala//salmon.counts/02-020-D0/quant.gcounts,twbga_gt_150_M0
11,02-023-D0,/u/home/s/serghei/scratch/Kinisha.Gala//salmon.counts/02-023-D0/quant.gcounts,twbga_lt_150_M1
12,02-024-D0,/u/home/s/serghei/scratch/Kinisha.Gala//salmon.counts/02-024-D0/quant.gcounts,twbga_lt_150_M0
13,02-025-D0,/u/home/s/serghei/scratch/Kinisha.Gala//salmon.counts/02-025-D0/quant.gcounts,twbga_lt_150_M1
14,02-026-D0,/u/home/s/serghei/scratch/Kinisha.Gala//salmon.counts/02-026-D0/quant.gcounts,twbga_lt_150_M1
15,02-027-D0,/u/home/s/serghei/scratch/Kinisha.Gala//salmon.counts/02-027-D0/quant.gcounts,twbga_lt_150_M0
16,02-032-D0,/u/home/s/serghei/scratch/Kinisha.Gala//salmon.counts/02-032-D0/quant.gcounts,twbga_lt_150_M0
17,02-034-D0,/u/home/s/serghei/scratch/Kinisha.Gala//salmon.counts/02-034-D0/quant.gcounts,twbga_lt_150_M0
18,02-036-D0,/u/home/s/serghei/scratch/Kinisha.Gala//salmon.counts/02-036-D0/quant.gcounts,twbga_gt_150_M0
19,02-039-D0,/u/home/s/serghei/scratch/Kinisha.Gala//salmon.counts/02-039-D0/quant.gcounts,twbga_lt_150_M1
20,02-042-D0,/u/home/s/serghei/scratch/Kinisha.Gala//salmon.counts/02-042-D0/quant.gcounts,twbga_lt_150_M1
21,02-043-D0,/u/home/s/serghei/scratch/Kinisha.Gala//salmon.counts/02-043-D0/quant.gcounts,twbga_lt_150_M1
22,06-001-D0,/u/home/s/serghei/scratch/Kinisha.Gala//salmon.counts/06-001-D0/quant.gcounts,twbga_lt_150_M1
23,06-003-D0,/u/home/s/serghei/scratch/Kinisha.Gala//salmon.counts/06-003-D0/quant.gcounts,twbga_gt_150_M0
24,06-004-D0,/u/home/s/serghei/scratch/Kinisha.Gala//salmon.counts/06-004-D0/quant.gcounts,twbga_gt_150_M1
25,06-005-D0,/u/home/s/serghei/scratch/Kinisha.Gala//salmon.counts/06-005-D0/quant.gcounts,twbga_gt_150_M0
26,06-008-D0,/u/home/s/serghei/scratch/Kinisha.Gala//salmon.counts/06-008-D0/quant.gcounts,twbga_lt_150_M1
27,06-009-D0,/u/home/s/serghei/scratch/Kinisha.Gala//salmon.counts/06-009-D0/quant.gcounts,twbga_lt_150_M0
28,07-003-D0,/u/home/s/serghei/scratch/Kinisha.Gala//salmon.counts/07-003-D0/quant.gcounts,twbga_lt_150_M0
29,07-004-D0,/u/home/s/serghei/scratch/Kinisha.Gala//salmon.counts/07-004-D0/quant.gcounts,twbga_gt_150_M1
30,07-005-D0,/u/home/s/serghei/scratch/Kinisha.Gala//salmon.counts/07-005-D0/quant.gcounts,twbga_gt_150_M1
31,07-008-D0,/u/home/s/serghei/scratch/Kinisha.Gala//salmon.counts/07-008-D0/quant.gcounts,twbga_gt_150_M1
32,08-003-D0,/u/home/s/serghei/scratch/Kinisha.Gala//salmon.counts/08-003-D0/quant.gcounts,twbga_gt_150_M1
33,08-010-D0,/u/home/s/serghei/scratch/Kinisha.Gala//salmon.counts/08-010-D0/quant.gcounts,twbga_lt_150_M0
34,08-016-D0,/u/home/s/serghei/scratch/Kinisha.Gala//salmon.counts/08-016-D0/quant.gcounts,twbga_lt_150_M1
35,08-018-D0,/u/home/s/serghei/scratch/Kinisha.Gala//salmon.counts/08-018-D0/quant.gcounts,twbga_lt_150_M0
36,09-006-D0,/u/home/s/serghei/scratch/Kinisha.Gala//salmon.counts/09-006-D0/quant.gcounts,twbga_lt_150_M0
37,09-010-D0,/u/home/s/serghei/scratch/Kinisha.Gala//salmon.counts/09-010-D0/quant.gcounts,twbga_lt_150_M0
38,09-013-D0,/u/home/s/serghei/scratch/Kinisha.Gala//salmon.counts/09-013-D0/quant.gcounts,twbga_lt_150_M0
39,09-014-D0,/u/home/s/serghei/scratch/Kinisha.Gala//salmon.counts/09-014-D0/quant.gcounts,twbga_gt_150_M0
40,09-016-D0,/u/home/s/serghei/scratch/Kinisha.Gala//salmon.counts/09-016-D0/quant.gcounts,twbga_lt_150_M1
41,10-002-D0,/u/home/s/serghei/scratch/Kinisha.Gala//salmon.counts/10-002-D0/quant.gcounts,twbga_lt_150_M0
42,10-003-D0,/u/home/s/serghei/scratch/Kinisha.Gala//salmon.counts/10-003-D0/quant.gcounts,twbga_lt_150_M0
43,10-008-D0,/u/home/s/serghei/scratch/Kinisha.Gala//salmon.counts/10-008-D0/quant.gcounts,twbga_lt_150_M1
44,10-013-D0,/u/home/s/serghei/scratch/Kinisha.Gala//salmon.counts/10-013-D0/quant.gcounts,twbga_lt_150_M1
45,10-018-D0,/u/home/s/serghei/scratch/Kinisha.Gala//salmon.counts/10-018-D0/quant.gcounts,twbga_lt_150_M0
46,10-019-D0,/u/home/s/serghei/scratch/Kinisha.Gala//salmon.counts/10-019-D0/quant.gcounts,twbga_lt_150_M0
47,10-020-D0,/u/home/s/serghei/scratch/Kinisha.Gala//salmon.counts/10-020-D0/quant.gcounts,twbga_lt_150_M1
48,10-024-D0,/u/home/s/serghei/scratch/Kinisha.Gala//salmon.counts/10-024-D0/quant.gcounts,twbga_lt_150_M1
49,10-025-D0,/u/home/s/serghei/scratch/Kinisha.Gala//salmon.counts/10-025-D0/quant.gcounts,twbga_lt_150_M1
50,10-027-D0,/u/home/s/serghei/scratch/Kinisha.Gala//salmon.counts/10-027-D0/quant.gcounts,twbga_lt_150_M0
51,10-032-D0,/u/home/s/serghei/scratch/Kinisha.Gala//salmon.counts/10-032-D0/quant.gcounts,twbga_lt_150_M0
52,10-036-D0,/u/home/s/serghei/scratch/Kinisha.Gala//salmon.counts/10-036-D0/quant.gcounts,twbga_lt_150_M0
53,11-007-D0,/u/home/s/serghei/scratch/Kinisha.Gala//salmon.counts/11-007-D0/quant.gcounts,twbga_gt_150_M0
54,13-008-D0,/u/home/s/serghei/scratch/Kinisha.Gala//salmon.counts/13-008-D0/quant.gcounts,twbga_lt_150_M1
55,14-005-D0,/u/home/s/serghei/scratch/Kinisha.Gala//salmon.counts/14-005-D0/quant.gcounts,twbga_lt_150_M1
56,15-004-D0,/u/home/s/serghei/scratch/Kinisha.Gala//salmon.counts/15-004-D0/quant.gcounts,twbga_lt_150_M1
57,16-002-D0,/u/home/s/serghei/scratch/Kinisha.Gala//salmon.counts/16-002-D0/quant.gcounts,twbga_lt_150_M0
58,16-006-D0,/u/home/s/serghei/scratch/Kinisha.Gala//salmon.counts/16-006-D0/quant.gcounts,twbga_lt_150_M0
59,16-014-D0,/u/home/s/serghei/scratch/Kinisha.Gala//salmon.counts/16-014-D0/quant.gcounts,twbga_gt_150_M0
60,16-015-D0,/u/home/s/serghei/scratch/Kinisha.Gala//salmon.counts/16-015-D0/quant.gcounts,twbga_lt_150_M0
61,16-016-D0,/u/home/s/serghei/scratch/Kinisha.Gala//salmon.counts/16-016-D0/quant.gcounts,twbga_lt_150_M0
62,16-017-D0,/u/home/s/serghei/scratch/Kinisha.Gala//salmon.counts/16-017-D0/quant.gcounts,twbga_lt_150_M1
63,16-023-D0,/u/home/s/serghei/scratch/Kinisha.Gala//salmon.counts/16-023-D0/quant.gcounts,twbga_gt_150_M0
64,16-027-D0,/u/home/s/serghei/scratch/Kinisha.Gala//salmon.counts/16-027-D0/quant.gcounts,twbga_lt_150_M0
65,18-002-D0,/u/home/s/serghei/scratch/Kinisha.Gala//salmon.counts/18-002-D0/quant.gcounts,twbga_gt_150_M1
66,18-003-D0,/u/home/s/serghei/scratch/Kinisha.Gala//salmon.counts/18-003-D0/quant.gcounts,twbga_lt_150_M0
67,18-008-D0,/u/home/s/serghei/scratch/Kinisha.Gala//salmon.counts/18-008-D0/quant.gcounts,twbga_lt_150_M1
68,18-016-D0,/u/home/s/serghei/scratch/Kinisha.Gala//salmon.counts/18-016-D0/quant.gcounts,twbga_gt_150_M0
69,18-018-D0,/u/home/s/serghei/scratch/Kinisha.Gala//salmon.counts/18-018-D0/quant.gcounts,twbga_lt_150_M0
70,18-019-D0,/u/home/s/serghei/scratch/Kinisha.Gala//salmon.counts/18-019-D0/quant.gcounts,twbga_lt_150_M0
71,18-020-D0,/u/home/s/serghei/scratch/Kinisha.Gala//salmon.counts/18-020-D0/quant.gcounts,twbga_lt_150_M1
72,18-022-D0,/u/home/s/serghei/scratch/Kinisha.Gala//salmon.counts/18-022-D0/quant.gcounts,twbga_lt_150_M0
73,20-002-D0,/u/home/s/serghei/scratch/Kinisha.Gala//salmon.counts/20-002-D0/quant.gcounts,twbga_lt_150_M0
74,20-006-D0,/u/home/s/serghei/scratch/Kinisha.Gala//salmon.counts/20-006-D0/quant.gcounts,twbga_gt_150_M1
75,20-009-D0,/u/home/s/serghei/scratch/Kinisha.Gala//salmon.counts/20-009-D0/quant.gcounts,twbga_lt_150_M0
76,20-016-D0,/u/home/s/serghei/scratch/Kinisha.Gala//salmon.counts/20-016-D0/quant.gcounts,twbga_lt_150_M0
77,22-010-D0,/u/home/s/serghei/scratch/Kinisha.Gala//salmon.counts/22-010-D0/quant.gcounts,twbga_gt_150_M1
78,23-002-D0,/u/home/s/serghei/scratch/Kinisha.Gala//salmon.counts/23-002-D0/quant.gcounts,twbga_gt_150_M1
79,23-004-D0,/u/home/s/serghei/scratch/Kinisha.Gala//salmon.counts/23-004-D0/quant.gcounts,twbga_lt_150_M1
80,23-005-D0,/u/home/s/serghei/scratch/Kinisha.Gala//salmon.counts/23-005-D0/quant.gcounts,twbga_gt_150_M1
81,23-006-D0,/u/home/s/serghei/scratch/Kinisha.Gala//salmon.counts/23-006-D0/quant.gcounts,twbga_lt_150_M1
82,23-008-D0,/u/home/s/serghei/scratch/Kinisha.Gala//salmon.counts/23-008-D0/quant.gcounts,twbga_gt_150_M0
83,23-009-D0,/u/home/s/serghei/scratch/Kinisha.Gala//salmon.counts/23-009-D0/quant.gcounts,twbga_lt_150_M1
84,24-001-D0,/u/home/s/serghei/scratch/Kinisha.Gala//salmon.counts/24-001-D0/quant.gcounts,twbga_lt_150_M0
85,26-002-D0,/u/home/s/serghei/scratch/Kinisha.Gala//salmon.counts/26-002-D0/quant.gcounts,twbga_lt_150_M0
86,26-013-D0,/u/home/s/serghei/scratch/Kinisha.Gala//salmon.counts/26-013-D0/quant.gcounts,twbga_lt_150_M1
87,27-005-D0,/u/home/s/serghei/scratch/Kinisha.Gala//salmon.counts/27-005-D0/quant.gcounts,twbga_lt_150_M0
88,27-006-D0,/u/home/s/serghei/scratch/Kinisha.Gala//salmon.counts/27-006-D0/quant.gcounts,twbga_lt_150_M1
89,27-007-D0,/u/home/s/serghei/scratch/Kinisha.Gala//salmon.counts/27-007-D0/quant.gcounts,twbga_lt_150_M0
90,27-008-D0,/u/home/s/serghei/scratch/Kinisha.Gala//salmon.counts/27-008-D0/quant.gcounts,twbga_lt_150_M0
